[
    {
        "id": 1,
        "title": "Laptop",
        "author": "Electronics",
        "price": 999.99,
        "pages": 123
    },
    {
        "id": 3,
        "title": "Titolo",
        "author": "IO",
        "price": 327.34,
        "pages": 467
    },
    {
        "id": 4,
        "title": "Titolo2",
        "author": "IO2",
        "price": 43.343,
        "pages": 454
    },
    {
        "id": 5,
        "title": "Sa",
        "author": "LA",
        "price": 12.02,
        "pages": 123
    }
]